ID,Active,Staff,email_ID,Password
C001,1,0,aman@yahoo.com,Aman123
C002,1,0,tamana@gmail.com,Tamana123
C003,1,0,dia@hotmail.com,Dia123
C004,1,0,yug@hotmail.com,Yug123
C005,1,0,anu@gmail.com,Anu123
C006,1,0,anuj@yahoo.com,Anuj123
E121,1,1,aakash@hotmail.com,Aakash123
E122,1,1,anjana@gmail.com,Anjana123
E123,1,1,chetan@yahoo.com,Chetan123
E124,1,1,divya@gmail.com,Divya123
